"Afghanistan";"AFG";"1990";"4.11"
"Afghanistan";"AFG";"2000";"13.71"
"Afghanistan";"AFG";"2010";"18.61"
"Afghanistan";"AFG";"2012";"19.48"
"Albania";"ALB";"1990";"36.13"
"Albania";"ALB";"2000";"50.58"
"Albania";"ALB";"2010";"60.26"
"Albania";"ALB";"2012";"62.09"
"Algeria";"DZA";"1990";"85.80"
"Algeria";"DZA";"2000";"95.61"
"Algeria";"DZA";"2010";"99.96"
"Algeria";"DZA";"2012";"99.99"
"Andorra";"ADO";"1990";"100.00"
"Andorra";"ADO";"2000";"100.00"
"Andorra";"ADO";"2010";"100.00"
"Andorra";"ADO";"2012";"100.00"
"Angola";"AGO";"1990";"2.05"
"Angola";"AGO";"2000";"20.93"
"Angola";"AGO";"2010";"40.50"
"Angola";"AGO";"2012";"44.30"
"Antigua and Barbuda";"ATG";"1990";"85.62"
"Antigua and Barbuda";"ATG";"2000";"95.14"
"Antigua and Barbuda";"ATG";"2010";"99.78"
"Antigua and Barbuda";"ATG";"2012";"99.98"
"Arab World";"ARB";"1990";"74.22"
"Arab World";"ARB";"2000";"81.57"
"Arab World";"ARB";"2010";"86.00"
"Arab World";"ARB";"2012";"86.59"
"Argentina";"ARG";"1990";"83.26"
"Argentina";"ARG";"2000";"93.12"
"Argentina";"ARG";"2010";"98.22"
"Argentina";"ARG";"2012";"99.12"
"Armenia";"ARM";"1990";"7.75"
"Armenia";"ARM";"2000";"48.94"
"Armenia";"ARM";"2010";"85.36"
"Armenia";"ARM";"2012";"92.53"
"Australia";"AUS";"1990";"100.00"
"Australia";"AUS";"2000";"100.00"
"Australia";"AUS";"2010";"100.00"
"Australia";"AUS";"2012";"100.00"
"Austria";"AUT";"1990";"100.00"
"Austria";"AUT";"2000";"100.00"
"Austria";"AUT";"2010";"100.00"
"Austria";"AUT";"2012";"100.00"
"Azerbaijan";"AZE";"1990";"54.11"
"Azerbaijan";"AZE";"2000";"74.31"
"Azerbaijan";"AZE";"2010";"89.76"
"Azerbaijan";"AZE";"2012";"92.74"
"Bahamas, The";"BHS";"1990";"100.00"
"Bahamas, The";"BHS";"2000";"100.00"
"Bahamas, The";"BHS";"2010";"100.00"
"Bahamas, The";"BHS";"2012";"100.00"
"Bahrain";"BHR";"1990";"100.00"
"Bahrain";"BHR";"2000";"100.00"
"Bahrain";"BHR";"2010";"100.00"
"Bahrain";"BHR";"2012";"100.00"
"Bangladesh";"BGD";"1990";"6.78"
"Bangladesh";"BGD";"2000";"11.30"
"Bangladesh";"BGD";"2010";"11.07"
"Bangladesh";"BGD";"2012";"10.91"
"Barbados";"BRB";"1990";"94.14"
"Barbados";"BRB";"2000";"99.38"
"Barbados";"BRB";"2010";"99.85"
"Barbados";"BRB";"2012";"99.83"
"Belarus";"BLR";"1990";"82.24"
"Belarus";"BLR";"2000";"92.80"
"Belarus";"BLR";"2010";"98.60"
"Belarus";"BLR";"2012";"99.53"
"Belgium";"BEL";"1990";"100.00"
"Belgium";"BEL";"2000";"100.00"
"Belgium";"BEL";"2010";"100.00"
"Belgium";"BEL";"2012";"100.00"
"Belize";"BLZ";"1990";"73.17"
"Belize";"BLZ";"2000";"81.60"
"Belize";"BLZ";"2010";"85.27"
"Belize";"BLZ";"2012";"85.89"
"Benin";"BEN";"1990";"2.08"
"Benin";"BEN";"2000";"6.02"
"Benin";"BEN";"2010";"6.27"
"Benin";"BEN";"2012";"6.21"
"Bhutan";"BTN";"1990";"23.34"
"Bhutan";"BTN";"2000";"43.86"
"Bhutan";"BTN";"2010";"59.62"
"Bhutan";"BTN";"2012";"62.66"
"Bolivia";"BOL";"1990";"50.94"
"Bolivia";"BOL";"2000";"65.07"
"Bolivia";"BOL";"2010";"74.45"
"Bolivia";"BOL";"2012";"76.21"
"Bosnia and Herzegovina";"BIH";"1990";"52.41"
"Bosnia and Herzegovina";"BIH";"2000";"50.20"
"Bosnia and Herzegovina";"BIH";"2010";"43.23"
"Bosnia and Herzegovina";"BIH";"2012";"41.72"
"Botswana";"BWA";"1990";"36.72"
"Botswana";"BWA";"2000";"51.07"
"Botswana";"BWA";"2010";"60.67"
"Botswana";"BWA";"2012";"62.47"
"Brazil";"BRA";"1990";"76.71"
"Brazil";"BRA";"2000";"87.34"
"Brazil";"BRA";"2010";"93.22"
"Brazil";"BRA";"2012";"94.28"
"Brunei Darussalam";"BRN";"1990";"100.00"
"Brunei Darussalam";"BRN";"2000";"100.00"
"Brunei Darussalam";"BRN";"2010";"100.00"
"Brunei Darussalam";"BRN";"2012";"100.00"
"Bulgaria";"BGR";"1990";"69.54"
"Bulgaria";"BGR";"2000";"80.87"
"Bulgaria";"BGR";"2010";"87.33"
"Bulgaria";"BGR";"2012";"88.50"
"Burkina Faso";"BFA";"1990";"2.00"
"Burkina Faso";"BFA";"2000";"3.54"
"Burkina Faso";"BFA";"2010";"5.10"
"Burkina Faso";"BFA";"2012";"5.29"
"Burundi";"BDI";"1990";"2.00"
"Burundi";"BDI";"2000";"2.00"
"Burundi";"BDI";"2010";"2.00"
"Burundi";"BDI";"2012";"2.00"
"Cabo Verde";"CPV";"1990";"45.87"
"Cabo Verde";"CPV";"2000";"58.87"
"Cabo Verde";"CPV";"2010";"67.11"
"Cabo Verde";"CPV";"2012";"68.65"
"Cambodia";"KHM";"1990";"2.00"
"Cambodia";"KHM";"2000";"5.73"
"Cambodia";"KHM";"2010";"10.58"
"Cambodia";"KHM";"2012";"11.44"
"Cameroon";"CMR";"1990";"13.73"
"Cameroon";"CMR";"2000";"20.10"
"Cameroon";"CMR";"2010";"21.72"
"Cameroon";"CMR";"2012";"21.93"
"Canada";"CAN";"1990";"100.00"
"Canada";"CAN";"2000";"100.00"
"Canada";"CAN";"2010";"100.00"
"Canada";"CAN";"2012";"100.00"
"Caribbean small states";"CSS";"1990";"73.06"
"Caribbean small states";"CSS";"2000";"84.84"
"Caribbean small states";"CSS";"2010";"91.73"
"Caribbean small states";"CSS";"2012";"92.79"
"Central African Republic";"CAF";"1990";"2.00"
"Central African Republic";"CAF";"2000";"2.49"
"Central African Republic";"CAF";"2010";"3.20"
"Central African Republic";"CAF";"2012";"3.22"
"Central Europe and the Baltics";"CEB";"1990";"82.10"
"Central Europe and the Baltics";"CEB";"2000";"88.95"
"Central Europe and the Baltics";"CEB";"2010";"92.81"
"Central Europe and the Baltics";"CEB";"2012";"93.35"
"Chad";"TCD";"1990";"2.01"
"Chad";"TCD";"2000";"5.04"
"Chad";"TCD";"2010";"4.92"
"Chad";"TCD";"2012";"4.79"
"Chile";"CHL";"1990";"76.66"
"Chile";"CHL";"2000";"86.72"
"Chile";"CHL";"2010";"92.02"
"Chile";"CHL";"2012";"92.96"
"China";"CHN";"1990";"35.18"
"China";"CHN";"2000";"46.77"
"China";"CHN";"2010";"53.61"
"China";"CHN";"2012";"54.87"
"Colombia";"COL";"1990";"72.17"
"Colombia";"COL";"2000";"81.05"
"Colombia";"COL";"2010";"85.17"
"Colombia";"COL";"2012";"85.88"
"Comoros";"COM";"1990";"12.61"
"Comoros";"COM";"2000";"21.12"
"Comoros";"COM";"2010";"24.88"
"Comoros";"COM";"2012";"25.52"
"Congo, Dem. Rep.";"ZAR";"1990";"2.00"
"Congo, Dem. Rep.";"ZAR";"2000";"2.54"
"Congo, Dem. Rep.";"ZAR";"2010";"4.69"
"Congo, Dem. Rep.";"ZAR";"2012";"5.00"
"Congo, Rep.";"COG";"1990";"2.57"
"Congo, Rep.";"COG";"2000";"14.70"
"Congo, Rep.";"COG";"2010";"23.23"
"Congo, Rep.";"COG";"2012";"24.83"
"Costa Rica";"CRI";"1990";"76.39"
"Costa Rica";"CRI";"2000";"87.12"
"Costa Rica";"CRI";"2010";"93.10"
"Costa Rica";"CRI";"2012";"94.18"
"Cote d'Ivoire";"CIV";"1990";"12.40"
"Cote d'Ivoire";"CIV";"2000";"18.10"
"Cote d'Ivoire";"CIV";"2010";"19.05"
"Cote d'Ivoire";"CIV";"2012";"19.12"
"Croatia";"HRV";"1990";"73.94"
"Croatia";"HRV";"2000";"84.67"
"Croatia";"HRV";"2010";"90.60"
"Croatia";"HRV";"2012";"91.65"
"Cuba";"CUB";"1990";"81.56"
"Cuba";"CUB";"2000";"89.44"
"Cuba";"CUB";"2010";"92.56"
"Cuba";"CUB";"2012";"93.08"
"Cyprus";"CYP";"1990";"100.00"
"Cyprus";"CYP";"2000";"100.00"
"Cyprus";"CYP";"2010";"100.00"
"Cyprus";"CYP";"2012";"100.00"
"Czech Republic";"CZE";"1990";"83.73"
"Czech Republic";"CZE";"2000";"94.75"
"Czech Republic";"CZE";"2010";"99.96"
"Czech Republic";"CZE";"2012";"99.99"
"Denmark";"DNK";"1990";"100.00"
"Denmark";"DNK";"2000";"100.00"
"Denmark";"DNK";"2010";"100.00"
"Denmark";"DNK";"2012";"100.00"
"Djibouti";"DJI";"1990";"78.80"
"Djibouti";"DJI";"2000";"83.93"
"Djibouti";"DJI";"2010";"84.31"
"Djibouti";"DJI";"2012";"84.27"
"Dominica";"DMA";"1990";"59.83"
"Dominica";"DMA";"2000";"77.92"
"Dominica";"DMA";"2010";"91.25"
"Dominica";"DMA";"2012";"93.81"
"Dominican Republic";"DOM";"1990";"67.84"
"Dominican Republic";"DOM";"2000";"80.80"
"Dominican Republic";"DOM";"2010";"89.01"
"Dominican Republic";"DOM";"2012";"90.54"
"East Asia & Pacific (all income levels)";"EAS";"1990";"38.36"
"East Asia & Pacific (all income levels)";"EAS";"2000";"49.64"
"East Asia & Pacific (all income levels)";"EAS";"2010";"56.80"
"East Asia & Pacific (all income levels)";"EAS";"2012";"58.12"
"East Asia & Pacific (developing only)";"EAP";"1990";"31.57"
"East Asia & Pacific (developing only)";"EAP";"2000";"44.05"
"East Asia & Pacific (developing only)";"EAP";"2010";"52.19"
"East Asia & Pacific (developing only)";"EAP";"2012";"53.69"
"Ecuador";"ECU";"1990";"75.08"
"Ecuador";"ECU";"2000";"87.32"
"Ecuador";"ECU";"2010";"94.80"
"Ecuador";"ECU";"2012";"96.18"
"Egypt, Arab Rep.";"EGY";"1990";"88.33"
"Egypt, Arab Rep.";"EGY";"2000";"97.09"
"Egypt, Arab Rep.";"EGY";"2010";"99.99"
"Egypt, Arab Rep.";"EGY";"2012";"99.99"
"El Salvador";"SLV";"1990";"42.05"
"El Salvador";"SLV";"2000";"61.61"
"El Salvador";"SLV";"2010";"76.43"
"El Salvador";"SLV";"2012";"79.28"
"Equatorial Guinea";"GNQ";"1990";"28.43"
"Equatorial Guinea";"GNQ";"2000";"43.17"
"Equatorial Guinea";"GNQ";"2010";"53.18"
"Equatorial Guinea";"GNQ";"2012";"55.06"
"Eritrea";"ERI";"1990";"15.68"
"Eritrea";"ERI";"2000";"27.62"
"Eritrea";"ERI";"2010";"34.81"
"Eritrea";"ERI";"2012";"36.13"
"Estonia";"EST";"1990";"72.36"
"Estonia";"EST";"2000";"82.28"
"Estonia";"EST";"2010";"87.42"
"Estonia";"EST";"2012";"88.34"
"Ethiopia";"ETH";"1990";"4.49"
"Ethiopia";"ETH";"2000";"6.04"
"Ethiopia";"ETH";"2010";"2.78"
"Ethiopia";"ETH";"2012";"2.19"
"Euro area";"EMU";"1990";"99.23"
"Euro area";"EMU";"2000";"99.66"
"Euro area";"EMU";"2010";"99.87"
"Euro area";"EMU";"2012";"99.89"
"Europe & Central Asia (all income levels)";"ECS";"1990";"87.44"
"Europe & Central Asia (all income levels)";"ECS";"2000";"92.92"
"Europe & Central Asia (all income levels)";"ECS";"2010";"95.92"
"Europe & Central Asia (all income levels)";"ECS";"2012";"96.42"
"Europe & Central Asia (developing only)";"ECA";"1990";"69.83"
"Europe & Central Asia (developing only)";"ECA";"2000";"81.18"
"Europe & Central Asia (developing only)";"ECA";"2010";"87.59"
"Europe & Central Asia (developing only)";"ECA";"2012";"88.76"
"European Union";"EUU";"1990";"95.85"
"European Union";"EUU";"2000";"97.55"
"European Union";"EUU";"2010";"98.51"
"European Union";"EUU";"2012";"98.63"
"Fiji";"FJI";"1990";"45.17"
"Fiji";"FJI";"2000";"54.42"
"Fiji";"FJI";"2010";"58.90"
"Fiji";"FJI";"2012";"59.68"
"Finland";"FIN";"1990";"100.00"
"Finland";"FIN";"2000";"100.00"
"Finland";"FIN";"2010";"100.00"
"Finland";"FIN";"2012";"100.00"
"Fragile and conflict affected situations";"FCS";"1990";"19.72"
"Fragile and conflict affected situations";"FCS";"2000";"23.88"
"Fragile and conflict affected situations";"FCS";"2010";"26.84"
"Fragile and conflict affected situations";"FCS";"2012";"27.26"
"France";"FRA";"1990";"100.00"
"France";"FRA";"2000";"100.00"
"France";"FRA";"2010";"100.00"
"France";"FRA";"2012";"100.00"
"Gabon";"GAB";"1990";"45.43"
"Gabon";"GAB";"2000";"63.19"
"Gabon";"GAB";"2010";"76.19"
"Gabon";"GAB";"2012";"78.68"
"Gambia, The";"GMB";"1990";"2.00"
"Gambia, The";"GMB";"2000";"3.88"
"Gambia, The";"GMB";"2010";"4.92"
"Gambia, The";"GMB";"2012";"5.02"
"Georgia";"GEO";"1990";"44.06"
"Georgia";"GEO";"2000";"51.14"
"Georgia";"GEO";"2010";"53.48"
"Georgia";"GEO";"2012";"53.83"
"Germany";"DEU";"1990";"100.00"
"Germany";"DEU";"2000";"100.00"
"Germany";"DEU";"2010";"100.00"
"Germany";"DEU";"2012";"100.00"
"Ghana";"GHA";"1990";"2.00"
"Ghana";"GHA";"2000";"8.48"
"Ghana";"GHA";"2010";"15.49"
"Ghana";"GHA";"2012";"16.78"
"Greece";"GRC";"1990";"100.00"
"Greece";"GRC";"2000";"100.00"
"Greece";"GRC";"2010";"100.00"
"Greece";"GRC";"2012";"100.00"
"Grenada";"GRD";"1990";"72.23"
"Grenada";"GRD";"2000";"88.69"
"Grenada";"GRD";"2010";"99.60"
"Grenada";"GRD";"2012";"99.98"
"Guatemala";"GTM";"1990";"37.70"
"Guatemala";"GTM";"2000";"39.87"
"Guatemala";"GTM";"2010";"37.29"
"Guatemala";"GTM";"2012";"36.66"
"Guinea";"GIN";"1990";"2.00"
"Guinea";"GIN";"2000";"2.08"
"Guinea";"GIN";"2010";"2.28"
"Guinea";"GIN";"2012";"2.22"
"Guinea-Bissau";"GNB";"1990";"2.00"
"Guinea-Bissau";"GNB";"2000";"2.28"
"Guinea-Bissau";"GNB";"2010";"2.00"
"Guinea-Bissau";"GNB";"2012";"2.00"
"Guyana";"GUY";"1990";"74.39"
"Guyana";"GUY";"2000";"85.66"
"Guyana";"GUY";"2010";"92.19"
"Guyana";"GUY";"2012";"93.38"
"Haiti";"HTI";"1990";"2.52"
"Haiti";"HTI";"2000";"7.64"
"Haiti";"HTI";"2010";"8.37"
"Haiti";"HTI";"2012";"8.40"
"Heavily indebted poor countries (HIPC)";"HPC";"1990";"5.93"
"Heavily indebted poor countries (HIPC)";"HPC";"2000";"9.03"
"Heavily indebted poor countries (HIPC)";"HPC";"2010";"10.76"
"Heavily indebted poor countries (HIPC)";"HPC";"2012";"11.03"
"High income";"HIC";"1990";"95.31"
"High income";"HIC";"2000";"98.30"
"High income";"HIC";"2010";"99.34"
"High income";"HIC";"2012";"99.49"
"High income: OECD";"OEC";"1990";"98.07"
"High income: OECD";"OEC";"2000";"99.46"
"High income: OECD";"OEC";"2010";"99.72"
"High income: OECD";"OEC";"2012";"99.75"
"High income: nonOECD";"NOC";"1990";"84.86"
"High income: nonOECD";"NOC";"2000";"93.87"
"High income: nonOECD";"NOC";"2010";"97.93"
"High income: nonOECD";"NOC";"2012";"98.53"
"Honduras";"HND";"1990";"33.51"
"Honduras";"HND";"2000";"43.28"
"Honduras";"HND";"2010";"48.30"
"Honduras";"HND";"2012";"49.19"
"Hungary";"HUN";"1990";"69.54"
"Hungary";"HUN";"2000";"80.87"
"Hungary";"HUN";"2010";"87.33"
"Hungary";"HUN";"2012";"88.50"
"Iceland";"ISL";"1990";"100.00"
"Iceland";"ISL";"2000";"100.00"
"Iceland";"ISL";"2010";"100.00"
"Iceland";"ISL";"2012";"100.00"
"India";"IND";"1990";"21.87"
"India";"IND";"2000";"30.94"
"India";"IND";"2010";"35.25"
"India";"IND";"2012";"36.00"
"Indonesia";"IDN";"1990";"23.04"
"Indonesia";"IDN";"2000";"42.14"
"Indonesia";"IDN";"2010";"56.49"
"Indonesia";"IDN";"2012";"59.25"
"Iran, Islamic Rep.";"IRN";"1990";"87.68"
"Iran, Islamic Rep.";"IRN";"2000";"96.24"
"Iran, Islamic Rep.";"IRN";"2010";"99.88"
"Iran, Islamic Rep.";"IRN";"2012";"99.99"
"Iraq";"IRQ";"1990";"86.78"
"Iraq";"IRQ";"2000";"94.93"
"Iraq";"IRQ";"2010";"98.33"
"Iraq";"IRQ";"2012";"98.90"
"Ireland";"IRL";"1990";"100.00"
"Ireland";"IRL";"2000";"100.00"
"Ireland";"IRL";"2010";"100.00"
"Ireland";"IRL";"2012";"100.00"
"Israel";"ISR";"1990";"100.00"
"Israel";"ISR";"2000";"100.00"
"Israel";"ISR";"2010";"100.00"
"Israel";"ISR";"2012";"100.00"
"Italy";"ITA";"1990";"100.00"
"Italy";"ITA";"2000";"100.00"
"Italy";"ITA";"2010";"100.00"
"Italy";"ITA";"2012";"100.00"
"Jamaica";"JAM";"1990";"61.81"
"Jamaica";"JAM";"2000";"76.19"
"Jamaica";"JAM";"2010";"85.82"
"Jamaica";"JAM";"2012";"87.63"
"Japan";"JPN";"1990";"100.00"
"Japan";"JPN";"2000";"100.00"
"Japan";"JPN";"2010";"100.00"
"Japan";"JPN";"2012";"100.00"
"Jordan";"JOR";"1990";"88.07"
"Jordan";"JOR";"2000";"96.58"
"Jordan";"JOR";"2010";"99.96"
"Jordan";"JOR";"2012";"99.99"
"Kazakhstan";"KAZ";"1990";"72.35"
"Kazakhstan";"KAZ";"2000";"83.05"
"Kazakhstan";"KAZ";"2010";"89.01"
"Kazakhstan";"KAZ";"2012";"90.08"
"Kenya";"KEN";"1990";"18.68"
"Kenya";"KEN";"2000";"20.18"
"Kenya";"KEN";"2010";"16.93"
"Kenya";"KEN";"2012";"16.17"
"Kiribati";"KIR";"1990";"33.99"
"Kiribati";"KIR";"2000";"45.67"
"Kiribati";"KIR";"2010";"52.87"
"Kiribati";"KIR";"2012";"54.17"
"Korea, Dem. Rep.";"PRK";"1990";"2.00"
"Korea, Dem. Rep.";"PRK";"2000";"5.64"
"Korea, Dem. Rep.";"PRK";"2010";"7.67"
"Korea, Dem. Rep.";"PRK";"2012";"7.95"
"Korea, Rep.";"KOR";"1990";"80.85"
"Korea, Rep.";"KOR";"2000";"99.99"
"Korea, Rep.";"KOR";"2010";"99.99"
"Korea, Rep.";"KOR";"2012";"99.99"
"Kuwait";"KWT";"1990";"100.00"
"Kuwait";"KWT";"2000";"100.00"
"Kuwait";"KWT";"2010";"100.00"
"Kuwait";"KWT";"2012";"100.00"
"Kyrgyz Republic";"KGZ";"1990";"47.55"
"Kyrgyz Republic";"KGZ";"2000";"61.85"
"Kyrgyz Republic";"KGZ";"2010";"71.38"
"Kyrgyz Republic";"KGZ";"2012";"73.18"
"Lao PDR";"LAO";"1990";"2.80"
"Lao PDR";"LAO";"2000";"5.23"
"Lao PDR";"LAO";"2010";"2.93"
"Lao PDR";"LAO";"2012";"2.39"
"Latin America & Caribbean (all income levels)";"LCN";"1990";"71.28"
"Latin America & Caribbean (all income levels)";"LCN";"2000";"80.51"
"Latin America & Caribbean (all income levels)";"LCN";"2010";"84.93"
"Latin America & Caribbean (all income levels)";"LCN";"2012";"85.68"
"Latin America & Caribbean (developing only)";"LAC";"1990";"68.59"
"Latin America & Caribbean (developing only)";"LAC";"2000";"78.16"
"Latin America & Caribbean (developing only)";"LAC";"2010";"82.92"
"Latin America & Caribbean (developing only)";"LAC";"2012";"83.73"
"Latvia";"LVA";"1990";"77.85"
"Latvia";"LVA";"2000";"87.97"
"Latvia";"LVA";"2010";"93.31"
"Latvia";"LVA";"2012";"94.26"
"Least developed countries: UN classification";"LDC";"1990";"6.13"
"Least developed countries: UN classification";"LDC";"2000";"9.64"
"Least developed countries: UN classification";"LDC";"2010";"11.24"
"Least developed countries: UN classification";"LDC";"2012";"11.50"
"Lebanon";"LBN";"1990";"93.31"
"Lebanon";"LBN";"2000";"99.99"
"Lebanon";"LBN";"2010";"99.99"
"Lebanon";"LBN";"2012";"99.99"
"Lesotho";"LSO";"1990";"35.52"
"Lesotho";"LSO";"2000";"39.30"
"Lesotho";"LSO";"2010";"38.33"
"Lesotho";"LSO";"2012";"38.02"
"Liberia";"LBR";"1990";"2.00"
"Liberia";"LBR";"2000";"2.00"
"Liberia";"LBR";"2010";"2.00"
"Liberia";"LBR";"2012";"2.00"
"Libya";"LBY";"1990";"90.26"
"Libya";"LBY";"2000";"98.77"
"Libya";"LBY";"2010";"99.99"
"Libya";"LBY";"2012";"99.99"
"Lithuania";"LTU";"1990";"100.00"
"Lithuania";"LTU";"2000";"100.00"
"Lithuania";"LTU";"2010";"100.00"
"Lithuania";"LTU";"2012";"100.00"
"Low & middle income";"LMY";"1990";"34.23"
"Low & middle income";"LMY";"2000";"43.50"
"Low & middle income";"LMY";"2010";"48.13"
"Low & middle income";"LMY";"2012";"48.91"
"Low income";"LIC";"1990";"4.83"
"Low income";"LIC";"2000";"6.55"
"Low income";"LIC";"2010";"6.46"
"Low income";"LIC";"2012";"6.41"
"Lower middle income";"LMC";"1990";"25.14"
"Lower middle income";"LMC";"2000";"34.81"
"Lower middle income";"LMC";"2010";"40.20"
"Lower middle income";"LMC";"2012";"41.17"
"Luxembourg";"LUX";"1990";"100.00"
"Luxembourg";"LUX";"2000";"100.00"
"Luxembourg";"LUX";"2010";"100.00"
"Luxembourg";"LUX";"2012";"100.00"
"Macedonia, FYR";"MKD";"1990";"52.62"
"Macedonia, FYR";"MKD";"2000";"61.69"
"Macedonia, FYR";"MKD";"2010";"66.04"
"Macedonia, FYR";"MKD";"2012";"66.80"
"Madagascar";"MDG";"1990";"2.00"
"Madagascar";"MDG";"2000";"2.00"
"Madagascar";"MDG";"2010";"2.00"
"Madagascar";"MDG";"2012";"2.00"
"Malawi";"MWI";"1990";"2.00"
"Malawi";"MWI";"2000";"2.01"
"Malawi";"MWI";"2010";"2.94"
"Malawi";"MWI";"2012";"3.09"
"Malaysia";"MYS";"1990";"81.69"
"Malaysia";"MYS";"2000";"93.61"
"Malaysia";"MYS";"2010";"99.92"
"Malaysia";"MYS";"2012";"99.99"
"Maldives";"MDV";"1990";"42.28"
"Maldives";"MDV";"2000";"67.70"
"Maldives";"MDV";"2010";"88.37"
"Maldives";"MDV";"2012";"92.39"
"Mali";"MLI";"1990";"2.00"
"Mali";"MLI";"2000";"2.34"
"Mali";"MLI";"2010";"2.00"
"Mali";"MLI";"2012";"2.00"
"Malta";"MLT";"1990";"100.00"
"Malta";"MLT";"2000";"100.00"
"Malta";"MLT";"2010";"100.00"
"Malta";"MLT";"2012";"100.00"
"Marshall Islands";"MHL";"1990";"74.47"
"Marshall Islands";"MHL";"2000";"74.09"
"Marshall Islands";"MHL";"2010";"68.97"
"Marshall Islands";"MHL";"2012";"67.83"
"Mauritania";"MRT";"1990";"18.48"
"Mauritania";"MRT";"2000";"31.84"
"Mauritania";"MRT";"2010";"40.44"
"Mauritania";"MRT";"2012";"42.05"
"Mauritius";"MUS";"1990";"82.59"
"Mauritius";"MUS";"2000";"92.83"
"Mauritius";"MUS";"2010";"98.31"
"Mauritius";"MUS";"2012";"99.26"
"Mexico";"MEX";"1990";"75.73"
"Mexico";"MEX";"2000";"82.52"
"Mexico";"MEX";"2010";"84.56"
"Mexico";"MEX";"2012";"84.85"
"Micronesia, Fed. Sts.";"FSM";"1990";"43.26"
"Micronesia, Fed. Sts.";"FSM";"2000";"52.75"
"Micronesia, Fed. Sts.";"FSM";"2010";"57.48"
"Micronesia, Fed. Sts.";"FSM";"2012";"58.31"
"Middle East & North Africa (all income levels)";"MEA";"1990";"85.81"
"Middle East & North Africa (all income levels)";"MEA";"2000";"94.13"
"Middle East & North Africa (all income levels)";"MEA";"2010";"97.43"
"Middle East & North Africa (all income levels)";"MEA";"2012";"97.62"
"Middle East & North Africa (developing only)";"MNA";"1990";"84.74"
"Middle East & North Africa (developing only)";"MNA";"2000";"93.48"
"Middle East & North Africa (developing only)";"MNA";"2010";"97.01"
"Middle East & North Africa (developing only)";"MNA";"2012";"97.22"
"Middle income";"MIC";"1990";"36.77"
"Middle income";"MIC";"2000";"47.08"
"Middle income";"MIC";"2010";"52.79"
"Middle income";"MIC";"2012";"53.81"
"Moldova";"MDA";"1990";"72.88"
"Moldova";"MDA";"2000";"83.93"
"Moldova";"MDA";"2010";"90.24"
"Moldova";"MDA";"2012";"91.40"
"Monaco";"MCO";"1990";"100.00"
"Monaco";"MCO";"2000";"100.00"
"Monaco";"MCO";"2010";"100.00"
"Monaco";"MCO";"2012";"100.00"
"Mongolia";"MNG";"1990";"14.99"
"Mongolia";"MNG";"2000";"27.46"
"Mongolia";"MNG";"2010";"35.18"
"Mongolia";"MNG";"2012";"36.61"
"Montenegro";"MNE";"1990";"59.88"
"Montenegro";"MNE";"2000";"63.42"
"Montenegro";"MNE";"2010";"62.20"
"Montenegro";"MNE";"2012";"61.85"
"Morocco";"MAR";"1990";"81.30"
"Morocco";"MAR";"2000";"91.13"
"Morocco";"MAR";"2010";"96.20"
"Morocco";"MAR";"2012";"97.10"
"Mozambique";"MOZ";"1990";"2.00"
"Mozambique";"MOZ";"2000";"2.34"
"Mozambique";"MOZ";"2010";"3.65"
"Mozambique";"MOZ";"2012";"3.80"
"Myanmar";"MMR";"1990";"2.00"
"Myanmar";"MMR";"2000";"4.81"
"Myanmar";"MMR";"2010";"7.00"
"Myanmar";"MMR";"2012";"7.32"
"Namibia";"NAM";"1990";"25.98"
"Namibia";"NAM";"2000";"37.27"
"Namibia";"NAM";"2010";"43.81"
"Namibia";"NAM";"2012";"45.01"
"Nepal";"NPL";"1990";"22.24"
"Nepal";"NPL";"2000";"24.07"
"Nepal";"NPL";"2010";"21.15"
"Nepal";"NPL";"2012";"20.45"
"Netherlands";"NLD";"1990";"100.00"
"Netherlands";"NLD";"2000";"100.00"
"Netherlands";"NLD";"2010";"100.00"
"Netherlands";"NLD";"2012";"100.00"
"New Zealand";"NZL";"1990";"100.00"
"New Zealand";"NZL";"2000";"100.00"
"New Zealand";"NZL";"2010";"100.00"
"New Zealand";"NZL";"2012";"100.00"
"Nicaragua";"NIC";"1990";"23.70"
"Nicaragua";"NIC";"2000";"36.57"
"Nicaragua";"NIC";"2010";"44.69"
"Nicaragua";"NIC";"2012";"46.21"
"Niger";"NER";"1990";"2.00"
"Niger";"NER";"2000";"2.15"
"Niger";"NER";"2010";"3.09"
"Niger";"NER";"2012";"3.18"
"Nigeria";"NGA";"1990";"22.85"
"Nigeria";"NGA";"2000";"26.40"
"Nigeria";"NGA";"2010";"25.20"
"Nigeria";"NGA";"2012";"24.85"
"North America";"NAC";"1990";"100.00"
"North America";"NAC";"2000";"100.00"
"North America";"NAC";"2010";"100.00"
"North America";"NAC";"2012";"100.00"
"Norway";"NOR";"1990";"100.00"
"Norway";"NOR";"2000";"100.00"
"Norway";"NOR";"2010";"100.00"
"Norway";"NOR";"2012";"100.00"
"OECD members";"OED";"1990";"95.34"
"OECD members";"OED";"2000";"97.42"
"OECD members";"OED";"2010";"97.99"
"OECD members";"OED";"2012";"98.07"
"Oman";"OMN";"1990";"100.00"
"Oman";"OMN";"2000";"100.00"
"Oman";"OMN";"2010";"100.00"
"Oman";"OMN";"2012";"100.00"
"Other small states";"OSS";"1990";"33.80"
"Other small states";"OSS";"2000";"42.11"
"Other small states";"OSS";"2010";"45.86"
"Other small states";"OSS";"2012";"46.40"
"Pacific island small states";"PSS";"1990";"34.75"
"Pacific island small states";"PSS";"2000";"40.60"
"Pacific island small states";"PSS";"2010";"40.78"
"Pacific island small states";"PSS";"2012";"40.72"
"Pakistan";"PAK";"1990";"6.84"
"Pakistan";"PAK";"2000";"25.00"
"Pakistan";"PAK";"2010";"38.40"
"Pakistan";"PAK";"2012";"40.96"
"Palau";"PLW";"1990";"92.34"
"Palau";"PLW";"2000";"97.72"
"Palau";"PLW";"2010";"98.35"
"Palau";"PLW";"2012";"98.36"
"Panama";"PAN";"1990";"72.50"
"Panama";"PAN";"2000";"80.86"
"Panama";"PAN";"2010";"84.47"
"Panama";"PAN";"2012";"85.08"
"Papua New Guinea";"PNG";"1990";"3.63"
"Papua New Guinea";"PNG";"2000";"18.77"
"Papua New Guinea";"PNG";"2010";"29.67"
"Papua New Guinea";"PNG";"2012";"31.74"
"Paraguay";"PRY";"1990";"35.36"
"Paraguay";"PRY";"2000";"48.09"
"Paraguay";"PRY";"2010";"56.07"
"Paraguay";"PRY";"2012";"57.55"
"Peru";"PER";"1990";"38.31"
"Peru";"PER";"2000";"53.13"
"Peru";"PER";"2010";"63.19"
"Peru";"PER";"2012";"65.09"
"Philippines";"PHL";"1990";"42.30"
"Philippines";"PHL";"2000";"46.58"
"Philippines";"PHL";"2010";"46.09"
"Philippines";"PHL";"2012";"45.88"
"Poland";"POL";"1990";"100.00"
"Poland";"POL";"2000";"100.00"
"Poland";"POL";"2010";"100.00"
"Poland";"POL";"2012";"100.00"
"Portugal";"PRT";"1990";"100.00"
"Portugal";"PRT";"2000";"100.00"
"Portugal";"PRT";"2010";"100.00"
"Portugal";"PRT";"2012";"100.00"
"Qatar";"QAT";"1990";"89.65"
"Qatar";"QAT";"2000";"97.86"
"Qatar";"QAT";"2010";"99.99"
"Qatar";"QAT";"2012";"99.99"
"Romania";"ROM";"1990";"62.55"
"Romania";"ROM";"2000";"72.66"
"Romania";"ROM";"2010";"78.03"
"Romania";"ROM";"2012";"79.00"
"Russian Federation";"RUS";"1990";"82.38"
"Russian Federation";"RUS";"2000";"92.72"
"Russian Federation";"RUS";"2010";"98.31"
"Russian Federation";"RUS";"2012";"99.27"
"Rwanda";"RWA";"1990";"2.00"
"Rwanda";"RWA";"2000";"2.00"
"Rwanda";"RWA";"2010";"2.00"
"Rwanda";"RWA";"2012";"2.00"
"Samoa";"WSM";"1990";"36.09"
"Samoa";"WSM";"2000";"39.78"
"Samoa";"WSM";"2010";"38.72"
"Samoa";"WSM";"2012";"38.39"
"San Marino";"SMR";"1990";"100.00"
"San Marino";"SMR";"2000";"100.00"
"San Marino";"SMR";"2010";"100.00"
"San Marino";"SMR";"2012";"100.00"
"Sao Tome and Principe";"STP";"1990";"8.11"
"Sao Tome and Principe";"STP";"2000";"20.14"
"Sao Tome and Principe";"STP";"2010";"27.42"
"Sao Tome and Principe";"STP";"2012";"28.77"
"Saudi Arabia";"SAU";"1990";"92.20"
"Saudi Arabia";"SAU";"2000";"98.93"
"Saudi Arabia";"SAU";"2010";"99.99"
"Saudi Arabia";"SAU";"2012";"99.99"
"Senegal";"SEN";"1990";"32.25"
"Senegal";"SEN";"2000";"38.09"
"Senegal";"SEN";"2010";"39.17"
"Senegal";"SEN";"2012";"39.27"
"Serbia";"SRB";"1990";"49.15"
"Serbia";"SRB";"2000";"60.65"
"Serbia";"SRB";"2010";"67.40"
"Serbia";"SRB";"2012";"68.63"
"Seychelles";"SYC";"1990";"78.13"
"Seychelles";"SYC";"2000";"90.89"
"Seychelles";"SYC";"2010";"98.84"
"Seychelles";"SYC";"2012";"99.78"
"Sierra Leone";"SLE";"1990";"5.91"
"Sierra Leone";"SLE";"2000";"5.66"
"Sierra Leone";"SLE";"2010";"2.00"
"Sierra Leone";"SLE";"2012";"2.00"
"Singapore";"SGP";"1990";"100.00"
"Singapore";"SGP";"2000";"100.00"
"Singapore";"SGP";"2010";"100.00"
"Singapore";"SGP";"2012";"100.00"
"Slovak Republic";"SVK";"1990";"82.63"
"Slovak Republic";"SVK";"2000";"93.54"
"Slovak Republic";"SVK";"2010";"99.55"
"Slovak Republic";"SVK";"2012";"99.95"
"Slovenia";"SVN";"1990";"77.82"
"Slovenia";"SVN";"2000";"88.62"
"Slovenia";"SVN";"2010";"94.69"
"Slovenia";"SVN";"2012";"95.79"
"Small states";"SST";"1990";"45.07"
"Small states";"SST";"2000";"53.16"
"Small states";"SST";"2010";"56.55"
"Small states";"SST";"2012";"56.95"
"Solomon Islands";"SLB";"1990";"9.45"
"Solomon Islands";"SLB";"2000";"11.75"
"Solomon Islands";"SLB";"2010";"9.30"
"Solomon Islands";"SLB";"2012";"8.70"
"Somalia";"SOM";"1990";"2.00"
"Somalia";"SOM";"2000";"2.00"
"Somalia";"SOM";"2010";"3.89"
"Somalia";"SOM";"2012";"4.58"
"South Africa";"ZAF";"1990";"59.98"
"South Africa";"ZAF";"2000";"74.77"
"South Africa";"ZAF";"2010";"84.80"
"South Africa";"ZAF";"2012";"86.70"
"South Asia";"SAS";"1990";"18.70"
"South Asia";"SAS";"2000";"28.00"
"South Asia";"SAS";"2010";"32.70"
"South Asia";"SAS";"2012";"33.55"
"South Sudan";"SSD";"1990";"2.00"
"South Sudan";"SSD";"2000";"2.00"
"South Sudan";"SSD";"2010";"2.00"
"South Sudan";"SSD";"2012";"2.08"
"Spain";"ESP";"1990";"100.00"
"Spain";"ESP";"2000";"100.00"
"Spain";"ESP";"2010";"100.00"
"Spain";"ESP";"2012";"100.00"
"Sri Lanka";"LKA";"1990";"12.03"
"Sri Lanka";"LKA";"2000";"20.99"
"Sri Lanka";"LKA";"2010";"25.20"
"Sri Lanka";"LKA";"2012";"25.93"
"St. Kitts and Nevis";"KNA";"1990";"100.00"
"St. Kitts and Nevis";"KNA";"2000";"100.00"
"St. Kitts and Nevis";"KNA";"2010";"100.00"
"St. Kitts and Nevis";"KNA";"2012";"100.00"
"St. Lucia";"LCA";"1990";"64.53"
"St. Lucia";"LCA";"2000";"82.91"
"St. Lucia";"LCA";"2010";"96.52"
"St. Lucia";"LCA";"2012";"98.82"
"St. Vincent and the Grenadines";"VCT";"1990";"47.88"
"St. Vincent and the Grenadines";"VCT";"2000";"78.44"
"St. Vincent and the Grenadines";"VCT";"2010";"99.86"
"St. Vincent and the Grenadines";"VCT";"2012";"99.99"
"Sub-Saharan Africa (all income levels)";"SSF";"1990";"13.40"
"Sub-Saharan Africa (all income levels)";"SSF";"2000";"16.94"
"Sub-Saharan Africa (all income levels)";"SSF";"2010";"17.98"
"Sub-Saharan Africa (all income levels)";"SSF";"2012";"18.12"
"Sub-Saharan Africa (developing only)";"SSA";"1990";"13.38"
"Sub-Saharan Africa (developing only)";"SSA";"2000";"16.91"
"Sub-Saharan Africa (developing only)";"SSA";"2010";"17.94"
"Sub-Saharan Africa (developing only)";"SSA";"2012";"18.08"
"Sudan";"SDN";"1990";"2.00"
"Sudan";"SDN";"2000";"7.55"
"Sudan";"SDN";"2010";"24.60"
"Sudan";"SDN";"2012";"27.90"
"Suriname";"SUR";"1990";"70.21"
"Suriname";"SUR";"2000";"81.20"
"Suriname";"SUR";"2010";"87.44"
"Suriname";"SUR";"2012";"88.57"
"Swaziland";"SWZ";"1990";"26.35"
"Swaziland";"SWZ";"2000";"34.46"
"Swaziland";"SWZ";"2010";"37.82"
"Swaziland";"SWZ";"2012";"38.37"
"Sweden";"SWE";"1990";"100.00"
"Sweden";"SWE";"2000";"100.00"
"Sweden";"SWE";"2010";"100.00"
"Sweden";"SWE";"2012";"100.00"
"Switzerland";"CHE";"1990";"100.00"
"Switzerland";"CHE";"2000";"100.00"
"Switzerland";"CHE";"2010";"100.00"
"Switzerland";"CHE";"2012";"100.00"
"Syrian Arab Republic";"SYR";"1990";"85.15"
"Syrian Arab Republic";"SYR";"2000";"95.93"
"Syrian Arab Republic";"SYR";"2010";"99.99"
"Syrian Arab Republic";"SYR";"2012";"99.99"
"Tajikistan";"TJK";"1990";"21.11"
"Tajikistan";"TJK";"2000";"45.34"
"Tajikistan";"TJK";"2010";"64.80"
"Tajikistan";"TJK";"2012";"68.59"
"Tanzania";"TZA";"1990";"2.01"
"Tanzania";"TZA";"2000";"4.62"
"Tanzania";"TZA";"2010";"4.40"
"Tanzania";"TZA";"2012";"4.24"
"Thailand";"THA";"1990";"35.15"
"Thailand";"THA";"2000";"56.30"
"Thailand";"THA";"2010";"72.70"
"Thailand";"THA";"2012";"75.86"
"Timor-Leste";"TMP";"1990";"4.90"
"Timor-Leste";"TMP";"2000";"8.43"
"Timor-Leste";"TMP";"2010";"7.14"
"Timor-Leste";"TMP";"2012";"6.77"
"Togo";"TGO";"1990";"2.00"
"Togo";"TGO";"2000";"2.00"
"Togo";"TGO";"2010";"4.19"
"Togo";"TGO";"2012";"4.75"
"Tonga";"TON";"1990";"27.03"
"Tonga";"TON";"2000";"42.54"
"Tonga";"TON";"2010";"53.31"
"Tonga";"TON";"2012";"55.35"
"Trinidad and Tobago";"TTO";"1990";"87.54"
"Trinidad and Tobago";"TTO";"2000";"97.04"
"Trinidad and Tobago";"TTO";"2010";"99.99"
"Trinidad and Tobago";"TTO";"2012";"99.99"
"Tunisia";"TUN";"1990";"83.94"
"Tunisia";"TUN";"2000";"94.24"
"Tunisia";"TUN";"2010";"99.62"
"Tunisia";"TUN";"2012";"99.96"
"Turkey";"TUR";"1990";"79.69"
"Turkey";"TUR";"2000";"89.68"
"Turkey";"TUR";"2010";"94.91"
"Turkey";"TUR";"2012";"95.85"
"Turkmenistan";"TKM";"1990";"89.18"
"Turkmenistan";"TKM";"2000";"97.82"
"Turkmenistan";"TKM";"2010";"99.99"
"Turkmenistan";"TKM";"2012";"99.99"
"Tuvalu";"TUV";"1990";"38.47"
"Tuvalu";"TUV";"2000";"61.00"
"Tuvalu";"TUV";"2010";"78.76"
"Tuvalu";"TUV";"2012";"82.21"
"Uganda";"UGA";"1990";"2.00"
"Uganda";"UGA";"2000";"2.82"
"Uganda";"UGA";"2010";"2.70"
"Uganda";"UGA";"2012";"2.56"
"Ukraine";"UKR";"1990";"81.19"
"Ukraine";"UKR";"2000";"90.58"
"Ukraine";"UKR";"2010";"95.21"
"Ukraine";"UKR";"2012";"96.02"
"United Arab Emirates";"ARE";"1990";"86.42"
"United Arab Emirates";"ARE";"2000";"96.81"
"United Arab Emirates";"ARE";"2010";"99.99"
"United Arab Emirates";"ARE";"2012";"99.99"
"United Kingdom";"GBR";"1990";"100.00"
"United Kingdom";"GBR";"2000";"100.00"
"United Kingdom";"GBR";"2010";"100.00"
"United Kingdom";"GBR";"2012";"100.00"
"United States";"USA";"1990";"100.00"
"United States";"USA";"2000";"100.00"
"United States";"USA";"2010";"100.00"
"United States";"USA";"2012";"100.00"
"Upper middle income";"UMC";"1990";"48.64"
"Upper middle income";"UMC";"2000";"60.49"
"Upper middle income";"UMC";"2010";"67.69"
"Upper middle income";"UMC";"2012";"68.97"
"Uruguay";"URY";"1990";"90.12"
"Uruguay";"URY";"2000";"96.73"
"Uruguay";"URY";"2010";"98.59"
"Uruguay";"URY";"2012";"98.85"
"Uzbekistan";"UZB";"1990";"69.79"
"Uzbekistan";"UZB";"2000";"80.62"
"Uzbekistan";"UZB";"2010";"86.68"
"Uzbekistan";"UZB";"2012";"87.78"
"Vanuatu";"VUT";"1990";"16.12"
"Vanuatu";"VUT";"2000";"18.24"
"Vanuatu";"VUT";"2010";"15.60"
"Vanuatu";"VUT";"2012";"14.96"
"Venezuela, RB";"VEN";"1990";"93.45"
"Venezuela, RB";"VEN";"2000";"96.12"
"Venezuela, RB";"VEN";"2010";"94.03"
"Venezuela, RB";"VEN";"2012";"93.50"
"Vietnam";"VNM";"1990";"2.23"
"Vietnam";"VNM";"2000";"24.58"
"Vietnam";"VNM";"2010";"46.74"
"Vietnam";"VNM";"2012";"51.06"
"World";"WLD";"1990";"47.87"
"World";"WLD";"2000";"54.76"
"World";"WLD";"2010";"58.04"
"World";"WLD";"2012";"58.57"
"Yemen, Rep.";"YEM";"1990";"51.52"
"Yemen, Rep.";"YEM";"2000";"61.64"
"Yemen, Rep.";"YEM";"2010";"67.00"
"Yemen, Rep.";"YEM";"2012";"67.96"
"Zambia";"ZMB";"1990";"4.42"
"Zambia";"ZMB";"2000";"12.94"
"Zambia";"ZMB";"2010";"16.69"
"Zambia";"ZMB";"2012";"17.32"
"Zimbabwe";"ZWE";"1990";"32.78"
"Zimbabwe";"ZWE";"2000";"34.00"
"Zimbabwe";"ZWE";"2010";"30.47"
"Zimbabwe";"ZWE";"2012";"29.65"
